,Description,Release Date,Director Name,Rating,Duration,Genre,Stars,Filming Dates
The Shawshank Redemption ,"Two imprisoned men bond over a number of years, finding solace and eventual redemption through acts of common decency.",25 September 1994,Frank Darabont,9.3/10,2h 22min,Drama,"['Tim Robbins', 'Morgan Freeman', 'Bob Gunton']",16 June 1993 - 10 September 1993
The Godfather ,The aging patriarch of an organized crime dynasty transfers control of his clandestine empire to his reluctant son.,19 March 1972,Francis Ford Coppol,9.2/10,2h 55min,"Crime, Drama","['Marlon Brando', 'Al Pacino', 'James Caan']",29 March 1971 - 6 August 1971
The Godfather: Part II ,"The early life and career of Vito Corleone in 1920s New York City is portrayed, while his son, Michael, expands and tightens his grip on the family crime syndicate.",10 November 2019,Francis Ford Coppol,9.0/10,3h 22min,"Crime, Drama","['Al Pacino', 'Robert De Niro', 'Robert Duvall']",1 October 1973 - 19 June 1974
The Dark Knight ,"When the menace known as the Joker wreaks havoc and chaos on the people of Gotham, Batman must accept one of the greatest psychological and physical tests of his ability to fight injustice.",20 July 2008,Christopher Nolan,9.0/10,2h 32min,"Action, Crime, Drama","['Christian Bale', 'Heath Ledger', 'Aaron Eckhart']",18 April 2007 - 11 November 2007
12 Angry Men ,A jury holdout attempts to prevent a miscarriage of justice by forcing his colleagues to reconsider the evidence.,not known,Sidney Lumet,9.0/10,1h 36min,"Crime, Drama","['Henry Fond', 'Lee J. Cobb', 'Martin Balsam']",June 1956 - July 1956
Schindler's List ,"In German-occupied Poland during World War II, industrialist Oskar Schindler gradually becomes concerned for his Jewish workforce after witnessing their persecution by the Nazis.",19 December 1993,Steven Spielberg,8.9/10,3h 15min,"Biography, Drama, History","['Liam Neeson', 'Ralph Fiennes', 'Ben Kingsley']",1 March 1993 - 11 May 1993
The Lord of the Rings: The Return of the King ,Gandalf and Aragorn lead the World of Men against Sauron's army to draw his gaze from Frodo and Sam as they approach Mount Doom with the One Ring.,21 December 2003,Peter Jackson,8.9/10,3h 21min,"Action, Adventure, Drama","['Elijah Wood', 'Viggo Mortensen', 'Ian McKellen']",11 October 1999 - 22 December 2000
Pulp Fiction ,"The lives of two mob hitmen, a boxer, a gangster and his wife, and a pair of diner bandits intertwine in four tales of violence and redemption.",16 October 1994,Quentin Tarantino,8.9/10,2h 34min,"Crime, Drama","['John Travolt', 'Uma Thurman', 'Samuel L. Jackson']",20 September 1993 - 30 November 1993
"The Good, the Bad and the Ugly ",A bounty hunting scam joins two men in an uneasy alliance against a third in a race to find a fortune in gold buried in a remote cemetery.,not known,Sergio Leone,8.8/10,2h 28min,Western,"['Clint Eastwood', 'Eli Wallach', 'Lee Van Cleef']",April 1966 - July 1966
The Lord of the Rings: The Fellowship of the Ring ,A meek Hobbit from the Shire and eight companions set out on a journey to destroy the powerful One Ring and save Middle-earth from the Dark Lord Sauron.,23 December 2001,David Fincher,8.8/10,2h 58min,Drama,"['Elijah Wood', 'Ian McKellen', 'Orlando Bloom']",11 October 1999 - 22 December 2000
Fight Club ,"An insomniac office worker and a devil-may-care soapmaker form an underground fight club that evolves into something much, much more.",17 October 1999,Todd Phillips,8.8/10,2h 19min,"Crime, Drama, Thriller","['Brad Pitt', 'Edward Norton', 'Meat Loaf']",1 June 1998 - 11 December 1998
Forrest Gump ,"The presidencies of Kennedy and Johnson, the events of Vietnam, Watergate and other historical events unfold through the perspective of an Alabama man with an IQ of 75, whose only desire is to be reunited with his childhood sweetheart.",10 July 1994,Peter Jackson,8.8/10,2h 22min,"Action, Adventure, Drama","['Tom Hanks', 'Robin Wright', 'Gary Sinise']",27 August 1993 - 9 December 1993
Inception ,A thief who steals corporate secrets through the use of dream-sharing technology is given the inverse task of planting an idea into the mind of a C.E.O.,18 July 2010,Robert Zemeckis,8.8/10,2h 28min,"Drama, Romance","['Leonardo DiCaprio', 'Joseph Gordon-Levitt', 'Elliot Page']",19 June 2009 - 22 November 2009
The Lord of the Rings: The Two Towers ,"While Frodo and Sam edge closer to Mordor with the help of the shifty Gollum, the divided fellowship makes a stand against Sauron's new ally, Saruman, and his hordes of Isengard.",22 December 2002,Christopher Nolan,8.7/10,2h 59min,"Action, Adventure, Sci-Fi","['Elijah Wood', 'Ian McKellen', 'Viggo Mortensen']",11 October 1999 - 22 December 2000
Star Wars: Episode V - The Empire Strikes Back ,"After the Rebels are brutally overpowered by the Empire on the ice planet Hoth, Luke Skywalker begins Jedi training with Yoda, while his friends are pursued by Darth Vader and a bounty hunter named Boba Fett all over the galaxy.",25 May 1980,Irvin Kershner,8.7/10,2h 4min,"Action, Adventure, Fantasy","['Mark Hamill', 'Harrison Ford', 'Carrie Fisher']",5 March 1979 - 24 September 1979
The Matrix ,"When a beautiful stranger leads computer hacker Neo to a forbidding underworld, he discovers the shocking truth--the life he knows is the elaborate deception of an evil cyber-intelligence.",4 April 1999,Peter Jackson,8.7/10,2h 16min,"Action, Adventure, Drama","['Keanu Reeves', 'Laurence Fishburne', 'Carrie-Anne Moss']",14 March 1998 - 1 September 1998
Goodfellas ,"The story of Henry Hill and his life in the mob, covering his relationship with his wife Karen Hill and his mob partners Jimmy Conway and Tommy DeVito in the Italian-American crime syndicate.",23 September 1990,Lana Wachowski,8.7/10,2h 26min,"Action, Sci-Fi","['Robert De Niro', 'Ray Liott', 'Joe Pesci']",3 May 1989 - 9 August 1989
One Flew Over the Cuckoo's Nest ,"A criminal pleads insanity and is admitted to a mental institution, where he rebels against the oppressive nurse and rallies up the scared patients.",not known,Milos Forman,8.7/10,2h 13min,Drama,"['Jack Nicholson', 'Louise Fletcher', 'Michael Berryman']",6 January 1975 - March 1975
Seven Samurai ,A poor village under attack by bandits recruits seven unemployed samurai to help them defend themselves.,28 July 2002,Martin Scorsese,8.6/10,3h 27min,"Biography, Crime, Drama","['Toshirô Mifune', 'Takashi Shimur', 'Keiko Tsushim']",May 1953 - 18 March 1954
Seven ,"Two detectives, a rookie and a veteran, hunt a serial killer who uses the seven deadly sins as his motives.",24 September 1995,Akira Kurosaw,8.6/10,2h 7min,"Action, Adventure, Drama","['Morgan Freeman', 'Brad Pitt', 'Kevin Spacey']",12 December 1994 - 10 March 1995
Life Is Beautiful ,"When an open-minded Jewish librarian and his son become victims of the Holocaust, he uses a perfect mixture of will, humor, and imagination to protect his son from the dangers around their camp.",25 October 1998,David Fincher,8.6/10,1h 56min,"Crime, Drama, Mystery","['Roberto Benigni', 'Nicoletta Braschi', 'Giorgio Cantarini']",June 1997 - 5 September 1997
City of God ,"In the slums of Rio, two kids' paths diverge as one struggles to become a photographer and the other a kingpin.",19 January 2003,Fernando Meirelles,8.6/10,2h 10min,"Crime, Drama","['Alexandre Rodrigues', 'Leandro Firmino', 'Matheus Nachtergaele']",not known
The Silence of the Lambs ,"A young F.B.I. cadet must receive the help of an incarcerated and manipulative cannibal killer to help catch another serial killer, a madman who skins his victims.",18 February 1991,Roberto Benigni,8.6/10,1h 58min,"Comedy, Drama, Romance","['Jodie Foster', 'Anthony Hopkins', 'Lawrence A. Bonney']",15 November 1989 - 1 March 1990
It's a Wonderful Life ,An angel is sent from Heaven to help a desperately frustrated businessman by showing him what life would have been like if he had never existed.,not known,Jonathan Demme,8.6/10,2h 10min,"Crime, Drama, Thriller","['James Stewart', 'Donna Reed', 'Lionel Barrymore']",15 April 1946 - 27 July 1946
Star Wars: Episode IV - A New Hope ,"Luke Skywalker joins forces with a Jedi Knight, a cocky pilot, a Wookiee and two droids to save the galaxy from the Empire's world-destroying battle station, while also attempting to rescue Princess Leia from the mysterious Darth Vader.",30 May 1977,George Lucas,8.6/10,2h 1min,"Action, Adventure, Fantasy","['Mark Hamill', 'Harrison Ford', 'Carrie Fisher']",22 March 1976 - 16 July 1976
Saving Private Ryan ,"Following the Normandy Landings, a group of U.S. soldiers go behind enemy lines to retrieve a paratrooper whose brothers have been killed in action.",26 July 1998,Frank Capr,8.6/10,2h 49min,"Drama, Family, Fantasy","['Tom Hanks', 'Matt Damon', 'Tom Sizemore']",27 June 1997 - 13 September 1997
Spirited Away ,"During her family's move to the suburbs, a sullen 10-year-old girl wanders into a world ruled by gods, witches, and spirits, and where humans are changed into beasts.",22 September 2002,Steven Spielberg,8.6/10,2h 5min,"Drama, War","['Daveigh Chase', 'Suzanne Pleshette', 'Miyu Irino']",2000 - 2001
The Green Mile ,"The lives of guards on Death Row are affected by one of their charges: a black man accused of child murder and rape, yet who has a mysterious gift.",12 December 1999,Hayao Miyazaki,8.6/10,3h 9min,"Animation, Adventure, Family","['Tom Hanks', 'Michael Clarke Duncan', 'David Morse']",July 1998 - December 1998
Interstellar ,A team of explorers travel through a wormhole in space in an attempt to ensure humanity's survival.,9 November 2014,Frank Darabont,8.6/10,2h 49min,"Crime, Drama, Fantasy","['Matthew McConaughey', 'Anne Hathaway', 'Jessica Chastain']",12 August 2013 - 19 December 2013
Parasite ,Greed and class discrimination threaten the newly formed symbiotic relationship between the wealthy Park family and the destitute Kim clan.,13 October 2019,Luc Besson,8.6/10,2h 12min,"Action, Crime, Drama","['Song Kang-Ho', 'Sun-kyun Lee', 'Yeo-jeong Jo']",27 May 2018 - 19 September 2018
Leon ,"Mathilda, a 12-year-old girl, is reluctantly taken in by Léon, a professional assassin, after her family is murdered. An unusual relationship forms as she becomes his protégée and learns the assassin's trade.",20 November 1994,Masaki Kobayashi,8.5/10,1h 50min,"Action, Drama, Mystery","['Jean Reno', 'Gary Oldman', 'Natalie Portman']",1 June 1993 - 7 October 1993
The Usual Suspects ,"A sole survivor tells of the twisty events leading up to a horrific gun battle on a boat, which began when five criminals met at a seemingly random police lineup.",20 August 1995,Christopher Nolan,8.5/10,1h 46min,"Adventure, Drama, Sci-Fi","['Kevin Spacey', 'Gabriel Byrne', 'Chazz Palminteri']",13 June 1994 - 29 July 1994
Harakiri ,"When a ronin requesting seppuku at a feudal lord's palace is told of the brutal suicide of another ronin who previously visited, he reveals how their pasts are intertwined - and in doing so challenges the clan's integrity.",not known,Bryan Singer,8.6/10,2h 13min,"Crime, Mystery, Thriller","['Tatsuya Nakadai', 'Akira Ishiham', 'Shima Iwashit']",not known
The Lion King ,"Lion prince Simba and his father are targeted by his bitter uncle, who wants to ascend the throne himself.",19 June 1994,Roger Allers,8.5/10,1h 28min,"Animation, Adventure, Drama","['Matthew Broderick', 'Jeremy Irons', 'James Earl Jones']",December 1992 - December 1993
The Pianist ,A Polish Jewish musician struggles to survive the destruction of the Warsaw ghetto of World War II.,29 December 2002,Tony Kaye,8.5/10,2h 30min,Drama,"['Adrien Brody', 'Thomas Kretschmann', 'Frank Finlay']",19 February 2001 - July 2001
Back to the Future ,"Marty McFly, a 17-year-old high school student, is accidentally sent thirty years into the past in a time-traveling DeLorean invented by his close friend, the eccentric scientist Doc Brown.",7 July 1985,Robert Zemeckis,8.5/10,1h 56min,"Adventure, Comedy, Sci-Fi","['Michael J. Fox', 'Christopher Lloyd', 'Lea Thompson']",26 November 1984 - 23 December 1984
Terminator 2: Judgment Day ,"A cyborg, identical to the one who failed to kill Sarah Connor, must now protect her teenage son, John Connor, from a more advanced and powerful cyborg.",7 July 1991,Roman Polanski,8.5/10,2h 17min,"Biography, Drama, Music","['Arnold Schwarzenegger', 'Linda Hamilton', 'Edward Furlong']",9 October 1990 - 28 March 1991
American History X ,A former neo-nazi skinhead tries to prevent his younger brother from going down the same wrong path that he did.,1 November 1998,Charles Chaplin,8.5/10,1h 59min,"Comedy, Drama, Family","['Edward Norton', 'Edward Furlong', ""Beverly D'Angelo""]",17 March 1997 - 21 May 1997
Modern Times ,The Tramp struggles to live in modern industrial society with the help of a young homeless woman.,28 December 2003,James Cameron,8.5/10,1h 27min,"Action, Sci-Fi","['Charles Chaplin', 'Paulette Goddard', 'Henry Bergman']",11 October 1934 - 30 August 1935
Psycho ,"A Phoenix secretary embezzles $40,000 from her employer's client, goes on the run, and checks into a remote motel run by a young man under the domination of his mother.",not known,Olivier Nakache,8.5/10,1h 49min,"Biography, Comedy, Drama","['Anthony Perkins', 'Janet Leigh', 'Vera Miles']",11 November 1959 - January 1960
Gladiator ,A former Roman General sets out to exact vengeance against the corrupt emperor who murdered his family and sent him into slavery.,7 May 2000,Alfred Hitchcock,8.5/10,2h 35min,"Horror, Mystery, Thriller","['Russell Crowe', 'Joaquin Phoenix', 'Connie Nielsen']",18 January 1999 - 29 May 1999
City Lights ,"With the aid of a wealthy erratic tippler, a dewy-eyed tramp who has fallen in love with a sightless flower girl accumulates money to be able to help her medically.",8 July 2007,Ridley Scott,8.5/10,1h 27min,"Action, Adventure, Drama","['Charles Chaplin', 'Virginia Cherrill', 'Florence Lee']",31 December 1927 - 22 January 1931
The Departed ,An undercover cop and a mole in the police attempt to identify each other while infiltrating an Irish gang in South Boston.,8 October 2006,Charles Chaplin,8.5/10,2h 31min,"Comedy, Drama, Romance","['Leonardo DiCaprio', 'Matt Damon', 'Jack Nicholson']",21 April 2005 - 27 August 2005
Untouchable ,"After he becomes a quadriplegic from a paragliding accident, an aristocrat hires a young man from the projects to be his caregiver.",27 May 2012,Martin Scorsese,8.5/10,1h 52min,"Crime, Drama, Thriller","['François Cluzet', 'Omar Sy', 'Anne Le Ny']",not known
Whiplash ,A promising young drummer enrolls at a cut-throat music conservatory where his dreams of greatness are mentored by an instructor who will stop at nothing to realize a student's potential.,12 October 2014,Damien Chazelle,8.5/10,1h 46min,"Drama, Music","['Miles Teller', 'J.K. Simmons', 'Melissa Benoist']",not known
The Prestige ,"After a tragic accident, two stage magicians engage in a battle to create the ultimate illusion while sacrificing everything they have to outwit each other.",22 October 2006,Sergio Leone,8.5/10,2h 10min,Western,"['Christian Bale', 'Hugh Jackman', 'Scarlett Johansson']",16 January 2006 - 9 April 2006
Grave of the Fireflies ,A young boy and his little sister struggle to survive in Japan during World War II.,12 August 2018,Christopher Nolan,8.5/10,1h 29min,"Drama, Mystery, Sci-Fi","['Tsutomu Tatsumi', 'Ayano Shiraishi', 'Akemi Yamaguchi']",not known
Once Upon a Time in the West ,A mysterious stranger with a harmonica joins forces with a notorious desperado to protect a beautiful widow from a ruthless assassin working for the railroad.,not known,Anthony Russo,8.5/10,2h 45min,"Action, Adventure, Drama","['Henry Fond', 'Charles Bronson', 'Claudia Cardinale']",April 1968 - July 1968
Hamilton ,"The real life of one of America's foremost founding fathers and first Secretary of the Treasury, Alexander Hamilton. Captured live on Broadway from the Richard Rodgers Theater with the original Broadway cast.",not known,Michael Curtiz,8.6/10,2h 40min,"Drama, Romance, War","['Lin-Manuel Mirand', 'Phillipa Soo', 'Leslie Odom Jr.']",26 June 2016 - 28 June 2016
Casablanca ,A cynical American expatriate struggles to decide whether or not he should help his former lover and her fugitive husband escape French Morocco.,12 April 1992,Isao Takahat,8.5/10,1h 42min,"Animation, Drama, War","['Humphrey Bogart', 'Ingrid Bergman', 'Paul Henreid']",25 May 1942 - 3 August 1942
Cinema Paradiso ,A filmmaker recalls his childhood when falling in love with the pictures at the cinema of his home village and forms a deep friendship with the cinema's projectionist.,4 February 1990,Alfred Hitchcock,8.5/10,2h 35min,"Mystery, Thriller","['Philippe Noiret', 'Enzo Cannavale', 'Antonella Attili']",8 May 1988 - August 1988
Rear Window ,A wheelchair-bound photographer spies on his neighbors from his apartment window and becomes convinced one of them has committed murder.,not known,Giuseppe Tornatore,8.4/10,1h 52min,Drama,"['James Stewart', 'Grace Kelly', 'Wendell Corey']",27 November 1953 - 13 January 1954
Alien ,"After a space merchant vessel receives an unknown transmission as a distress call, one of the crew is attacked by a mysterious life form and they soon realize that its life cycle has merely begun.",28 May 1979,Ridley Scott,8.4/10,1h 57min,"Horror, Sci-Fi","['Sigourney Weaver', 'Tom Skerritt', 'John Hurt']",5 July 1978 - 2 October 1978
Apocalypse Now ,A U.S. Army officer serving in Vietnam is tasked with assassinating a renegade Special Forces Colonel who sees himself as a god.,19 August 1979,Steven Spielberg,8.4/10,2h 27min,"Action, Adventure","['Martin Sheen', 'Marlon Brando', 'Robert Duvall']",March 1976 - 21 May 1977
Memento ,A man with short-term memory loss attempts to track down his wife's murderer.,18 March 2001,Christopher Nolan,8.4/10,1h 53min,"Mystery, Thriller","['Guy Pearce', 'Carrie-Anne Moss', 'Joe Pantoliano']",7 September 1999 - 1 October 1999
The Great Dictator ,Dictator Adenoid Hynkel tries to expand his empire while a poor Jewish barber tries to avoid persecution from Hynkel's regime.,not known,Francis Ford Coppol,8.4/10,2h 5min,"Drama, Mystery, War","['Charles Chaplin', 'Paulette Goddard', 'Jack Oakie']",9 September 1939 - 2 October 1940
Raiders of the Lost Ark ,"In 1936, archaeologist and adventurer Indiana Jones is hired by the U.S. government to find the Ark of the Covenant before Adolf Hitler's Nazis can obtain its awesome powers.",14 June 1981,Charles Chaplin,8.4/10,1h 55min,"Comedy, Drama, War","['Harrison Ford', 'Karen Allen', 'Paul Freeman']",23 June 1980 - October 1980
Django Unchained ,"With the help of a German bounty hunter, a freed slave sets out to rescue his wife from a brutal Mississippi plantation owner.",30 December 2012,Florian Henckel von Donnersmarck,8.4/10,2h 45min,"Drama, Mystery, Thriller","['Jamie Foxx', 'Christoph Waltz', 'Leonardo DiCaprio']",25 January 2012 - 27 July 2012
The Lives of Others ,"In 1984 East Berlin, an agent of the secret police, conducting surveillance on a writer and his lover, finds himself becoming increasingly absorbed by their lives.",11 February 2007,Anthony Russo,8.4/10,2h 17min,"Action, Adventure, Sci-Fi","['Ulrich Mühe', 'Martina Gedeck', 'Sebastian Koch']",28 October 2004 - 21 December 2004
Joker ,"In Gotham City, mentally troubled comedian Arthur Fleck is disregarded and mistreated by society. He then embarks on a downward spiral of revolution and bloody crime. This path brings him face-to-face with his alter-ego: the Joker.",6 October 2019,Quentin Tarantino,8.5/10,2h 2min,"Drama, Western","['Joaquin Phoenix', 'Robert De Niro', 'Zazie Beetz']",10 September 2018 - 3 December 2018
Paths of Glory ,"After refusing to attack an enemy position, a general accuses the soldiers of cowardice and their commanding officer must defend them.",not known,Bob Persichetti,8.4/10,1h 28min,"Animation, Action, Adventure","['Kirk Douglas', 'Ralph Meeker', 'Adolphe Menjou']",18 March 1957 - May 1957
WALL·E ,"In the distant future, a small waste-collecting robot inadvertently embarks on a space journey that will ultimately decide the fate of mankind.",29 June 2008,Stanley Kubrick,8.4/10,1h 38min,"Drama, Horror","['Ben Burtt', 'Elissa Knight', 'Jeff Garlin']",not known
The Shining ,"A family heads to an isolated hotel for the winter where a sinister presence influences the father into violence, while his psychic son sees horrific forebodings from both past and future.",26 May 1980,Stanley Kubrick,8.4/10,2h 26min,"Drama, War","['Jack Nicholson', 'Shelley Duvall', 'Danny Lloyd']",1 May 1978 - April 1979
Avengers: Infinity War ,The Avengers and their allies must be willing to sacrifice all in an attempt to defeat the powerful Thanos before his blitz of devastation and ruin puts an end to the universe.,29 April 2018,Andrew Stanton,8.4/10,2h 29min,"Animation, Adventure, Family","['Robert Downey Jr.', 'Chris Hemsworth', 'Mark Ruffalo']",23 January 2017 - 14 July 2017
Sunset Blvd. ,A screenwriter develops a dangerous relationship with a faded film star determined to make a triumphant return.,13 May 2018,Billy Wilder,8.4/10,1h 50min,"Drama, Film-Noir","['William Holden', 'Gloria Swanson', 'Erich von Stroheim']",11 April 1949 - 5 January 1950
Witness for the Prosecution ,A veteran British barrister must defend his client in a murder trial that has surprise after surprise.,not known,Stanley Kubrick,8.4/10,1h 56min,Comedy,"['Tyrone Power', 'Marlene Dietrich', 'Charles Laughton']",10 June 1957 - 20 August 1957
Oldboy ,"After being kidnapped and imprisoned for fifteen years, Oh Dae-Su is released, only to find that he must find his captor in five days.",27 March 2005,Hayao Miyazaki,8.4/10,2h,"Animation, Adventure, Fantasy","['Choi Min-sik', 'Yoo Ji-Tae', 'Hye-jeong Kang']",12 May 2003 - 2 October 2003
Spider-Man: Into the Spider-Verse ,"Teen Miles Morales becomes the Spider-Man of his universe, and must join with five spider-powered individuals from other dimensions to stop a threat for all realities.",16 December 2018,Chan-wook Park,8.4/10,1h 57min,"Action, Drama, Mystery","['Shameik Moore', 'Jake Johnson', 'Hailee Steinfeld']",not known
Princess Mononoke ,"On a journey to find the cure for a Tatarigami's curse, Ashitaka finds himself in the middle of a war between the forest gods and Tatara, a mining colony. In this quest he also meets San, the Mononoke Hime.",31 October 1999,Billy Wilder,8.4/10,2h 14min,"Crime, Drama, Mystery","['Yôji Matsud', 'Yuriko Ishid', 'Yûko Tanak']",August 1994 - 16 June 1997
Dr. Strangelove or: How I Learned to Stop Worrying and Love the Bomb ,An insane general triggers a path to nuclear holocaust that a War Room full of politicians and generals frantically tries to stop.,17 July 1994,Christopher Nolan,8.4/10,1h 35min,"Action, Adventure","['Peter Sellers', 'George C. Scott', 'Sterling Hayden']",28 January 1963 - 23 April 1963
The Dark Knight Rises ,"Eight years after the Joker's reign of anarchy, Batman, with the help of the enigmatic Catwoman, is forced from his exile to save Gotham City from the brutal guerrilla terrorist Bane.",22 July 2012,Sergio Leone,8.4/10,2h 44min,"Crime, Drama","['Christian Bale', 'Tom Hardy', 'Anne Hathaway']",6 May 2011 - 14 November 2011
Once Upon a Time in America ,"A former Prohibition-era Jewish gangster returns to the Lower East Side of Manhattan over thirty years later, where he once again must confront the ghosts and regrets of his old life.",3 June 1984,Bong Joon Ho,8.4/10,3h 49min,"Comedy, Drama, Thriller","['Robert De Niro', 'James Woods', 'Elizabeth McGovern']",14 June 1982 - 22 April 1983
Aliens ,"Fifty-seven years after surviving an apocalyptic attack aboard her space vessel by merciless space creatures, Officer Ripley awakens from hyper-sleep and tries to warn anyone who will listen about the predators.",20 July 1986,James Cameron,8.3/10,2h 17min,"Action, Adventure, Sci-Fi","['Sigourney Weaver', 'Michael Biehn', 'Carrie Henn']",30 September 1985 - 28 February 1986
Your Name. ,"Two strangers find themselves linked in a bizarre way. When a connection forms, will distance be the only thing to keep them apart?",9 April 2017,Sam Mendes,8.4/10,1h 46min,Drama,"['Ryûnosuke Kamiki', 'Mone Kamishiraishi', 'Ryô Narit']",not known
Avengers: Endgame ,"After the devastating events of Avengers: Infinity War (2018), the universe is in ruins. With the help of remaining allies, the Avengers assemble once more in order to reverse Thanos' actions and restore balance to the universe.",28 April 2019,Lee Unkrich,8.4/10,3h 1min,"Animation, Adventure, Family","['Robert Downey Jr.', 'Chris Evans', 'Mark Ruffalo']",2018
Coco ,"Aspiring musician Miguel, confronted with his family's ancestral ban on music, enters the Land of the Dead to find his great-great-grandfather, a legendary singer.",26 November 2017,Makoto Shinkai,8.4/10,1h 45min,"Animation, Drama, Fantasy","['Anthony Gonzalez', 'Gael García Bernal', 'Benjamin Bratt']",not known
American Beauty ,A sexually frustrated suburban father has a mid-life crisis after becoming infatuated with his daughter's best friend.,19 September 1999,Mel Gibson,8.3/10,2h 2min,"Biography, Drama, History","['Kevin Spacey', 'Annette Bening', 'Thora Birch']",14 December 1998 - 25 February 1999
Braveheart ,Scottish warrior William Wallace leads his countrymen in a rebellion to free his homeland from the tyranny of King Edward I of England.,28 May 1995,Wolfgang Petersen,8.3/10,2h 58min,"Adventure, Drama, Thriller","['Mel Gibson', 'Sophie Marceau', 'Patrick McGoohan']",6 June 1994 - 28 October 1994
Das Boot ,"The claustrophobic world of a WWII German U-boat; boredom, filth and sheer terror.",14 February 1982,Rajkumar Hirani,8.3/10,2h 29min,"Comedy, Drama","['Jürgen Prochnow', 'Herbert Grönemeyer', 'Klaus Wennemann']",1979 - 1981
3 Idiots ,"Two friends are searching for their long lost companion. They revisit their college days and recall the memories of their friend who inspired them to think differently, even as the rest of the world called them ""idiots"".",27 December 2009,Aamir Khan,8.4/10,2h 50min,"Drama, Family","['Aamir Khan', 'Madhavan', 'Mona Singh']",not known
Toy Story ,A cowboy doll is profoundly threatened and jealous when a new spaceman figure supplants him as top toy in a boy's room.,26 November 1995,Richard Marquand,8.3/10,1h 21min,"Action, Adventure, Fantasy","['Tom Hanks', 'Tim Allen', 'Don Rickles']",1992 - 1995
High and Low ,An executive of a shoe company becomes a victim of extortion when his chauffeur's son is kidnapped and held for ransom.,not known,John Lasseter,8.4/10,2h 23min,"Animation, Adventure, Comedy","['Toshirô Mifune', 'Yutaka Sad', 'Tatsuya Nakadai']",not known
Capernaum ,"While serving a five-year sentence for a violent crime, a 12-year-old boy sues his parents for neglect.",16 December 2018,Quentin Tarantino,8.4/10,2h 6min,"Crime, Drama, Thriller","['Zain Al Rafee', 'Yordanos Shiferaw', 'Boluwatife Treasure Bankole']",not known
Amadeus ,"The life, success and troubles of Wolfgang Amadeus Mozart, as told by Antonio Salieri, the contemporaneous composer who was insanely jealous of Mozart's talent and claimed to have murdered him.",23 September 1984,Milos Forman,8.3/10,2h 40min,"Biography, Drama, History","['F. Murray Abraham', 'Tom Hulce', 'Elizabeth Berridge']",31 January 1983 - 20 July 1983
Inglourious Basterds ,"In Nazi-occupied France during World War II, a plan to assassinate Nazi leaders by a group of Jewish U.S. soldiers coincides with a theatre owner's vengeful plans for the same.",23 August 2009,Nitesh Tiwari,8.3/10,2h 33min,"Action, Biography, Drama","['Brad Pitt', 'Diane Kruger', 'Eli Roth']",9 October 2008 - 6 February 2009
Star Wars: Episode VI - Return of the Jedi ,"After a daring mission to rescue Han Solo from Jabba the Hutt, the Rebels dispatch to Endor to destroy the second Death Star. Meanwhile, Luke struggles to help Darth Vader back from the dark side without falling into the Emperor's trap.",29 May 1983,Gus Van Sant,8.3/10,2h 11min,"Drama, Romance","['Mark Hamill', 'Harrison Ford', 'Carrie Fisher']",11 January 1982 - 20 May 1982
Taare Zameen Par ,"An eight-year-old boy is thought to be a lazy trouble-maker, until the new art teacher has the patience and compassion to discover the real problem behind his struggles in school.",not known,Quentin Tarantino,8.4/10,2h 45min,"Adventure, Drama, War","['Darsheel Safary', 'Aamir Khan', 'Tisca Chopr']",not known
Good Will Hunting ,"Will Hunting, a janitor at M.I.T., has a gift for mathematics, but needs help from a psychologist to find direction in his life.",7 December 1997,Fritz Lang,8.3/10,2h 6min,"Crime, Mystery, Thriller","['Robin Williams', 'Matt Damon', 'Ben Affleck']",April 1997 - June 1997
Reservoir Dogs ,"When a simple jewelry heist goes horribly wrong, the surviving criminals begin to suspect that one of them is a police informant.",25 October 1992,Darren Aronofsky,8.3/10,1h 39min,Drama,"['Harvey Keitel', 'Tim Roth', 'Michael Madsen']",29 July 1991 - 31 August 1991
2001: A Space Odyssey ,"After discovering a mysterious artifact buried beneath the Lunar surface, mankind sets off on a quest to find its origins with help from intelligent supercomputer H.A.L. 9000.",20 May 2018,Stanley Kubrick,8.3/10,2h 29min,"Adventure, Sci-Fi","['Keir Dulle', 'Gary Lockwood', 'William Sylvester']",29 December 1965 - 7 July 1966
Requiem for a Dream ,The drug-induced utopias of four Coney Island people are shattered when their addictions run deep.,8 October 2000,Alfred Hitchcock,8.3/10,1h 42min,"Mystery, Romance, Thriller","['Ellen Burstyn', 'Jared Leto', 'Jennifer Connelly']",19 April 1999 - 16 June 1999
Vertigo ,A former police detective juggles wrestling with his personal demons and becoming obsessed with a hauntingly beautiful woman.,18 March 2018,Michel Gondry,8.3/10,2h 8min,"Drama, Romance, Sci-Fi","['James Stewart', 'Kim Novak', 'Barbara Bel Geddes']",30 September 1957 - 19 December 1957
M ,"When the police in a German city are unable to catch a child-murderer, other criminals join in the manhunt.",not known,Orson Welles,8.3/10,1h 57min,"Drama, Mystery","['Peter Lorre', 'Ellen Widmann', 'Inge Landgut']",8 January 1931 - February 1931
Eternal Sunshine of the Spotless Mind ,"When their relationship turns sour, a couple undergoes a medical procedure to have each other erased from their memories.",21 March 2004,Stanley Kubrick,8.3/10,1h 48min,"Drama, War","['Jim Carrey', 'Kate Winslet', 'Tom Wilkinson']",13 January 2003 - 3 April 2003
The Hunt ,"A teacher lives a lonely life, all the while struggling over his son's custody. His life slowly gets better as he finds love and receives good news from his son, but his new luck is about to be brutally shattered by an innocent little lie.",14 July 2013,Thomas Vinterberg,8.3/10,1h 55min,Drama,"['Mads Mikkelsen', 'Thomas Bo Larsen', 'Annika Wedderkopp']",11 November 2011
Citizen Kane ,"Following the death of publishing tycoon Charles Foster Kane, reporters scramble to uncover the meaning of his final utterance; 'Rosebud'.",not known,Alfred Hitchcock,8.3/10,1h 59min,"Adventure, Mystery, Thriller","['Orson Welles', 'Joseph Cotten', 'Dorothy Comingore']",29 June 1940 - 23 October 1940
Dangal ,Former wrestler Mahavir Singh Phogat and his two wrestler daughters struggle towards glory at the Commonwealth Games in the face of societal oppression.,25 December 2016,Stanley Kubrick,8.4/10,2h 41min,"Crime, Drama, Sci-Fi","['Aamir Khan', 'Sakshi Tanwar', 'Fatima Sana Shaikh']",not known
Full Metal Jacket ,A pragmatic U.S. Marine observes the dehumanizing effects the Vietnam War has on his fellow recruits from their brutal boot camp training to the bloody street fighting in Hue.,28 June 1987,Guy Ritchie,8.3/10,1h 56min,"Comedy, Crime","['Matthew Modine', 'R. Lee Ermey', ""Vincent D'Onofrio""]",27 August 1985 - 8 August 1986
1917 ,"April 6th, 1917. As a regiment assembles to wage war deep in enemy territory, two soldiers are assigned to race against time and deliver a message that will stop 1,600 men from walking straight into a deadly trap.",29 December 2019,Jean-Pierre Jeunet,8.3/10,1h 59min,"Comedy, Romance","['Dean-Charles Chapman', 'George MacKay', 'Daniel Mays']",1 April 2019 - 7 June 2019
Bicycle Thieves ,"In post-war Italy, a working-class man's bicycle is stolen. He and his son set out to find it.",4 October 1998,Charles Chaplin,8.3/10,1h 29min,"Comedy, Drama, Family","['Lamberto Maggiorani', 'Enzo Staiol', 'Lianella Carell']",June 1948 - August 1948
